<?xml version="1.0" encoding="UTF-8" standalone="yes"?>
<addon id="plugin.video.ufc-replay" name="UFC Replay" version="0.1.1" provider-name="Phantom Raspberry Blower">
  <requires>
    <import addon="xbmc.python" version="2.25.0"/>
    <import addon="script.module.sportsreplay"/>
  </requires>
  <extension point="xbmc.python.pluginsource" library="addon.py">
    <provides>video</provides>
  </extension>
  <extension point="xbmc.addon.metadata">
    <summary lang="en_GB">Replay UFC Fights</summary>
    <description lang="en_GB">
      The Ultimate Fighting Championship is an American mixed martial arts promotion company based in Las Vegas, Nevada, that is owned and operated by parent company William Morris Endeavor. It is the largest MMA promotion company in the world and features the highest-level fighters on the roster..
    </description>
    <disclaimer lang="en_GB">
      [COLOR red][B]Phantom Raspberry Blower[/B][/COLOR] does not host or distribute any of the content provided by this addon. Does not have any affiliation with the content provider and accepts no responsibility for the included addon.
    </disclaimer>
    <platform>all</platform>
    <language></language>
    <license>GNU GENERAL PUBLIC LICENSE. Version 2, June 1991</license>
    <forum></forum>
    <website></website>
    <assets>
      <icon>resources/icon.png</icon>
      <fanart>resources/fanart.jpg</fanart>
    </assets>
    <news>Initial Release.</news>
    <email></email>
    <source></source>
  </extension>
</addon>