<?xml version="1.0" encoding="UTF-8" standalone="yes"?>
<addon id="repository.diamond-wizard-repo2" name=" [COLORwhite]*[/COLOR][COLOR crimson]Diamond[/COLOR][COLOR silver] Build Repo (Server 2 Netherlands)[/COLOR][COLORwhite]*[/COLOR]" version="10.25" provider-name="Diamond Build">
	<requires>
		<import addon="xbmc.addon" version="12.0.0"/>
	</requires>
	<extension point="xbmc.addon.repository" name="Diamond Wizard Repo - Server 2 Netherlands">
		<info compressed="false">https://nl.diamondbuild.xyz/repository/diamond/diamond_build_repo/zips/addons.xml</info>
		<checksum>https://nl.diamondbuild.xyz/repository/diamond/diamond_build_repo/zips/addons.xml.md5</checksum>
		<datadir zip="true">https://nl.diamondbuild.xyz/repository/diamond/diamond_build_repo/zips/</datadir>
	<dir>
		<info compressed="false">https://nl.diamondbuild.xyz/repository/diamond/diamond_build_back2thepass/zips/addons.xml</info>
		<checksum>https://nl.diamondbuild.xyz/repository/diamond/diamond_build_back2thepass/zips/addons.xml.md5</checksum>
		<datadir zip="true">https://nl.diamondbuild.xyz/repository/diamond/diamond_build_back2thepass/zips/</datadir>
	</dir>
	<dir>
		<info compressed="false">https://raw.githubusercontent.com/Gujal00/smrzips/master/addons.xml</info>
		<checksum>https://raw.githubusercontent.com/Gujal00/smrzips/master/addons.xml.md5</checksum>
		<datadir zip="true">https://raw.githubusercontent.com/Gujal00/smrzips/master/zips/</datadir>
	</dir>
	<dir>
		<info compressed="false">https://raw.githubusercontent.com/teamuniversal/scrapers/master/_modules4all/zips/addons.xml</info>
		<checksum>https://raw.githubusercontent.com/teamuniversal/scrapers/master/_modules4all/zips/addons.xml.md5</checksum>
		<datadir zip="true">https://raw.githubusercontent.com/teamuniversal/scrapers/master/_modules4all/zips/</datadir>
	</dir>
	<dir>
		<info>https://raw.githubusercontent.com/newt-sc/a4kSubtitles/master/packages/addons.xml</info>
		<checksum>https://raw.githubusercontent.com/newt-sc/a4kSubtitles/master/packages/addons.xml.crc</checksum>
		<datadir>https://github.com/newt-sc/a4kSubtitles/archive</datadir>
	</dir>
	<dir>
		<info compressed="false">https://raw.githubusercontent.com/a4k-openproject/repository.openscrapers/master/zips/addons.xml</info>
		<checksum>https://raw.githubusercontent.com/a4k-openproject/repository.openscrapers/master/zips/addons.xml.md5</checksum>
		<datadir zip="true">https://raw.githubusercontent.com/a4k-openproject/repository.openscrapers/master/zips/</datadir>
	</dir>
	<dir>
		<info compressed="true">https://raw.githubusercontent.com/back-to/repo/master/addons.xml</info>
		<checksum>https://raw.githubusercontent.com/back-to/repo/master/addons.xml.md5</checksum>
		<datadir zip="true">https://raw.githubusercontent.com/back-to/repo/master/</datadir>
	</dir>
	<dir>
		<info compressed="false">https://repo.orionoid.com/addons.xml?v=4.0.0</info>
		<checksum>https://repo.orionoid.com/addons.xml.md5?v=4.0.0</checksum>
		<datadir zip="true">https://repo.orionoid.com</datadir>
	</dir>
	<dir>
		<info compressed="false">https://raw.githubusercontent.com/mr-kodi/repository.myaccounts/master/zips/addons.xml</info>
		<checksum>https://raw.githubusercontent.com/mr-kodi/repository.myaccounts/master/zips/addons.xml.md5</checksum>
		<datadir zip="true">https://raw.githubusercontent.com/mr-kodi/repository.myaccounts/master/zips/</datadir>
	</dir>
	</extension>
	<extension point="xbmc.addon.metadata">
		<summary lang="en">Diamond Wizard Repo - Server 2 Netherlands</summary>
		<description lang="en">Repo For Diamond Build, Bought to you by Diamond Build</description>
		<disclaimer>The owners and submitters to this repository do not host or distribute any of the content displayed by these addons nor do they have any affiliation with the content providers.</disclaimer>
		<platform>all</platform>
		<genre>movies,usa</genre>
	</extension>
</addon>