<?xml version="1.0" encoding="UTF-8"?>
<window>
	<defaultcontrol>61</defaultcontrol>
	<controls>
		<control type="group">
			<depth>DepthDialog-</depth>
			<animation effect="slide" start="1100,0" end="0,0" time="300" tween="quadratic" easing="out">WindowOpen</animation>
			<animation effect="slide" start="0,0" end="1100,0" time="300" tween="quadratic" easing="out">WindowClose</animation>
			<control type="image">
				<left>180</left>
				<top>0</top>
				<width>1120</width>
				<height>720</height>
				<texture border="15,0,0,0" flipx="true">MediaBladeSub.png</texture>
			</control>
			<control type="button">
				<description>Close Window button</description>
				<left>200</left>
				<top>0</top>
				<width>64</width>
				<height>32</height>
				<label>-</label>
				<font>-</font>
				<onclick>PreviousMenu</onclick>
				<texturefocus>DialogCloseButton-focus.png</texturefocus>
				<texturenofocus>DialogCloseButton.png</texturenofocus>
				<onleft>61</onleft>
				<onright>61</onright>
				<onup>61</onup>
				<ondown>61</ondown>
				<visible>system.getbool(input.enablemouse)</visible>
			</control>
			<control type="group">
				<animation effect="fade" delay="300" start="0" end="100" time="150">WindowOpen</animation>
				<animation effect="fade" start="100" end="0" time="150">WindowClose</animation>
				<!-- Heading -->
				<control type="label">
					<label>$INFO[Window(10147).Property(HeadingLabel)]</label>
					<description>header label</description>
					<left>210</left>
					<top>50</top>
					<width>1030</width>
					<height>30</height>
					<font>font24_title</font>
					<align>center</align>
					<aligny>center</aligny>
					<textcolor>white</textcolor>
					<shadowcolor>black</shadowcolor>
				</control>
				<!-- Map Image -->
				<control type="image">
					<description>feed image</description>
					<left>210</left>
					<top>100</top>
					<width>480</width>
					<height>390</height>
					<bordertexture border="5">button-nofocus.png</bordertexture>
					<bordersize>4</bordersize>
					<texture border="15,0,0,0">$INFO[Window(10147).Property(MapImage)]</texture>
					<include>VisibleFadeEffect</include>
					<aspectratio aligny="center" align="center" scalediffuse="false">scale</aspectratio>
				</control>
				<!-- IP Info -->
                        <!-- City -->
				<control type="label">
					<description>city label</description>
					<label>City:</label>
					<left>700</left>
					<top>100</top>
					<width>120</width>
					<height>30</height>
					<font>font13</font>
					<align>right</align>
					<aligny>center</aligny>
					<textcolor>blue</textcolor>
					<selectedcolor>selected</selectedcolor>
				</control>
				<control type="label">
					<description>city</description>
					<label>$INFO[Window(10147).Property(City)]</label>
					<left>830</left>
					<top>100</top>
					<width>430</width>
					<height>30</height>
					<font>font13</font>
					<align>left</align>
					<aligny>center</aligny>
					<textcolor>white</textcolor>
					<selectedcolor>white</selectedcolor>
					<info>ListItem.Label2</info>
				</control>
                        <!-- Region -->
				<control type="label">
					<description>region label</description>
					<label>Region:</label>
					<left>700</left>
					<top>140</top>
					<width>120</width>
					<height>30</height>
					<font>font13</font>
					<align>right</align>
					<aligny>center</aligny>
					<textcolor>blue</textcolor>
					<selectedcolor>selected</selectedcolor>
				</control>
				<control type="label">
					<description>region</description>
					<label>$INFO[Window(10147).Property(Region)]</label>
					<left>830</left>
					<top>140</top>
					<width>430</width>
					<height>30</height>
					<font>font13</font>
					<align>left</align>
					<aligny>center</aligny>
					<textcolor>white</textcolor>
					<selectedcolor>white</selectedcolor>
					<info>ListItem.Label2</info>
				</control>
                        <!-- Postcode -->
				<control type="label">
					<description>postcode label</description>
					<label>PostCode:</label>
					<left>700</left>
					<top>180</top>
					<width>120</width>
					<height>30</height>
					<font>font13</font>
					<align>right</align>
					<aligny>center</aligny>
					<textcolor>blue</textcolor>
					<selectedcolor>selected</selectedcolor>
				</control>
				<control type="label">
					<description>postcode</description>
					<label>$INFO[Window(10147).Property(PostCode)]</label>
					<left>830</left>
					<top>180</top>
					<width>430</width>
					<height>30</height>
					<font>font13</font>
					<align>left</align>
					<aligny>center</aligny>
					<textcolor>white</textcolor>
					<selectedcolor>white</selectedcolor>
					<info>ListItem.Label2</info>
				</control>
                        <!-- Coordinates -->
				<control type="label">
					<description>coordinates label</description>
					<label>Coordinates:</label>
					<left>700</left>
					<top>220</top>
					<width>120</width>
					<height>30</height>
					<font>font13</font>
					<align>right</align>
					<aligny>center</aligny>
					<textcolor>blue</textcolor>
					<selectedcolor>selected</selectedcolor>
				</control>
				<control type="label">
					<description>coordinates</description>
					<label>$INFO[Window(10147).Property(Coordinates)]</label>
					<left>830</left>
					<top>220</top>
					<width>430</width>
					<height>30</height>
					<font>font13</font>
					<align>left</align>
					<aligny>center</aligny>
					<textcolor>white</textcolor>
					<selectedcolor>white</selectedcolor>
					<info>ListItem.Label2</info>
				</control>
                        <!-- Country -->
				<control type="label">
					<description>country label</description>
					<label>Country:</label>
					<left>700</left>
					<top>260</top>
					<width>120</width>
					<height>30</height>
					<font>font13</font>
					<align>right</align>
					<aligny>center</aligny>
					<textcolor>blue</textcolor>
					<selectedcolor>selected</selectedcolor>
				</control>
				<control type="label">
					<description>country</description>
					<label>$INFO[Window(10147).Property(Country)]</label>
					<left>830</left>
					<top>260</top>
					<width>430</width>
					<height>30</height>
					<font>font13</font>
					<align>left</align>
					<aligny>center</aligny>
					<textcolor>white</textcolor>
					<selectedcolor>white</selectedcolor>
					<info>ListItem.Label2</info>
				</control>
                        <!-- Hostname -->
				<control type="label">
					<description>hostname label</description>
					<label>Hostname:</label>
					<left>700</left>
					<top>300</top>
					<width>120</width>
					<height>30</height>
					<font>font13</font>
					<align>right</align>
					<aligny>center</aligny>
					<textcolor>blue</textcolor>
					<selectedcolor>selected</selectedcolor>
				</control>
				<control type="label">
					<description>hostname</description>
					<label>$INFO[Window(10147).Property(Hostname)]</label>
					<left>830</left>
					<top>300</top>
					<width>430</width>
					<height>30</height>
					<font>font13</font>
					<align>left</align>
					<aligny>center</aligny>
					<textcolor>white</textcolor>
					<selectedcolor>white</selectedcolor>
					<info>ListItem.Label2</info>
				</control>
                        <!-- Address Type -->
				<control type="label">
					<description>address type label</description>
					<label>Addr. Type:</label>
					<left>700</left>
					<top>340</top>
					<width>120</width>
					<height>30</height>
					<font>font13</font>
					<align>right</align>
					<aligny>center</aligny>
					<textcolor>blue</textcolor>
					<selectedcolor>selected</selectedcolor>
				</control>
				<control type="label">
					<description>address type</description>
					<label>$INFO[Window(10147).Property(AddressType)]</label>
					<left>830</left>
					<top>340</top>
					<width>430</width>
					<height>30</height>
					<font>font13</font>
					<align>left</align>
					<aligny>center</aligny>
					<textcolor>white</textcolor>
					<selectedcolor>white</selectedcolor>
					<info>ListItem.Label2</info>
				</control>
                        <!-- ASN -->
				<control type="label">
					<description>asn label</description>
					<label>ASN:</label>
					<left>700</left>
					<top>380</top>
					<width>120</width>
					<height>30</height>
					<font>font13</font>
					<align>right</align>
					<aligny>center</aligny>
					<textcolor>blue</textcolor>
					<selectedcolor>selected</selectedcolor>
				</control>
				<control type="label">
					<description>asn</description>
					<label>$INFO[Window(10147).Property(ASN)]</label>
					<left>830</left>
					<top>380</top>
					<width>430</width>
					<height>30</height>
					<font>font13</font>
					<align>left</align>
					<aligny>center</aligny>
					<textcolor>white</textcolor>
					<selectedcolor>white</selectedcolor>
					<info>ListItem.Label2</info>
				</control>
                        <!-- Organization -->
				<control type="label">
					<description>organization label</description>
					<label>Organization:</label>
					<left>700</left>
					<top>420</top>
					<width>120</width>
					<height>30</height>
					<font>font13</font>
					<align>right</align>
					<aligny>center</aligny>
					<textcolor>blue</textcolor>
					<selectedcolor>selected</selectedcolor>
				</control>
				<control type="label">
					<description>organization</description>
					<label>$INFO[Window(10147).Property(Organization)]</label>
					<left>830</left>
					<top>420</top>
					<width>430</width>
					<height>30</height>
					<font>font13</font>
					<align>left</align>
					<aligny>center</aligny>
					<textcolor>white</textcolor>
					<selectedcolor>white</selectedcolor>
					<info>ListItem.Label2</info>
				</control>
                        <!-- Route -->
				<control type="label">
					<description>route label</description>
					<label>Route:</label>
					<left>700</left>
					<top>460</top>
					<width>120</width>
					<height>30</height>
					<font>font13</font>
					<align>right</align>
					<aligny>center</aligny>
					<textcolor>blue</textcolor>
					<selectedcolor>selected</selectedcolor>
				</control>
				<control type="label">
					<description>route</description>
					<label>$INFO[Window(10147).Property(Route)]</label>
					<left>830</left>
					<top>460</top>
					<width>430</width>
					<height>30</height>
					<font>font13</font>
					<align>left</align>
					<aligny>center</aligny>
					<textcolor>white</textcolor>
					<selectedcolor>white</selectedcolor>
					<info>ListItem.Label2</info>
				</control>
				<!-- Seperator -->
				<control type="image">
					<description>seperator</description>
					<left>210</left>
					<top>493</top>
					<width>1030</width>
					<height>4</height>
					<aspectratio>stretch</aspectratio>
					<texture>separator.png</texture>
				</control>
				<control type="group">
					<animation effect="fade" delay="300" start="0" end="100" time="150">WindowOpen</animation>
					<animation effect="fade" start="100" end="0" time="150">WindowClose</animation>
					<left>210</left>
					<top>505</top>
					<width>1100</width>
					<control type="textbox">
						<description>description textarea</description>
						<label>$INFO[Window(10147).Property(Description)]</label>
						<description>description</description>
						<left>0</left>
						<top>0</top>
						<width>1015</width>
						<height>210</height>
						<label>-</label>
						<font>font13</font>
						<align>justify</align>
						<textcolor>white</textcolor>
						<shadowcolor>black</shadowcolor>
						<pagecontrol>61</pagecontrol>
					</control>
					<control type="scrollbar" id="61">
						<left>1030</left>
						<top>0</top>
						<width>25</width>
						<height>210</height>
						<texturesliderbackground border="0,14,0,14">ScrollBarV.png</texturesliderbackground>
						<texturesliderbar border="0,14,0,14">ScrollBarV_bar.png</texturesliderbar>
						<texturesliderbarfocus border="0,14,0,14">ScrollBarV_bar_focus.png</texturesliderbarfocus>
						<textureslidernib>ScrollBarNib.png</textureslidernib>
						<textureslidernibfocus>ScrollBarNib.png</textureslidernibfocus>
						<onleft>61</onleft>
						<onright>61</onright>
						<ondown>61</ondown>
						<onup>61</onup>
						<showonepage>true</showonepage>
						<orientation>vertical</orientation>
					</control>
				</control>
			</control>
		</control>
		<control type="group">
			<depth>DepthDialog-</depth>
			<include>Clock</include>
		</control>
	</controls>
</window>
