<?xml version="1.0" encoding="UTF-8" standalone="yes"?>
<addon id="plugin.video.motogp-replay" name="MotoGP Replay" version="0.1.0" provider-name="Phantom Raspberry Blower">
  <requires>
    <import addon="xbmc.python" version="2.25.0"/>
    <import addon="script.module.urlresolver"/>
  </requires>
  <extension point="xbmc.python.pluginsource" library="addon.py">
    <provides>video</provides>
  </extension>
  <extension point="xbmc.addon.metadata">
    <summary lang="en_GB">Replay MotoGP, Moto2 and Moto3 Races</summary>
    <description lang="en_GB">
      The MotoGP Championship is the pinnacle class of world championship road racing. It developed primarily in Europe after the FIM (Federation Internationale de Motocyclisme) consolidated the regulations for motorcycle competition for the first time in 1949
    </description>
    <disclaimer lang="en_GB">
      [COLOR red][B]Phantom Raspberry Blower[/B][/COLOR] does not host or distribute any of the content provided by this addon. Does not have any affiliation with the content provider and accepts no responsibility for the included addon.
    </disclaimer>
    <platform>all</platform>
    <language></language>
    <license>GNU GENERAL PUBLIC LICENSE. Version 2, June 1991</license>
    <forum></forum>
    <website></website>
    <assets>
      <icon>resources/icon.png</icon>
      <fanart>resources/fanart.jpg</fanart>
    </assets>
    <news>Added MotoE (electric bikes). Also imported unjuice and urlresolver modules.</news>
    <email></email>
    <source></source>
  </extension>
</addon>