<?xml version="1.0" encoding="UTF-8"?>
<window>
	<defaultcontrol>61</defaultcontrol>
	<!-- <onload condition="!MusicPlayer.Content(LiveTV)">SetFocus(602)</onload> -->
	<controls>
		<control type="group">
			<depth>DepthDialog-</depth>
			<animation effect="slide" start="1100,0" end="0,0" time="300" tween="quadratic" easing="out">WindowOpen</animation>
			<animation effect="slide" start="0,0" end="1100,0" time="300" tween="quadratic" easing="out">WindowClose</animation>
			<control type="image">
				<left>180</left>
				<top>0</top>
				<width>1120</width>
				<height>720</height>
				<texture border="15,0,0,0" flipx="true">MediaBladeSub.png</texture>
			</control>
			<control type="button">
				<description>Close Window button</description>
				<left>200</left>
				<top>0</top>
				<width>64</width>
				<height>32</height>
				<label>-</label>
				<font>-</font>
				<onclick>PreviousMenu</onclick>
				<texturefocus>DialogCloseButton-focus.png</texturefocus>
				<texturenofocus>DialogCloseButton.png</texturenofocus>
				<onleft>61</onleft>
				<onright>61</onright>
				<onup>61</onup>
				<ondown>61</ondown>
				<visible>system.getbool(input.enablemouse)</visible>
			</control>
			<control type="group">
				<animation effect="fade" delay="300" start="0" end="100" time="150">WindowOpen</animation>
				<animation effect="fade" start="100" end="0" time="150">WindowClose</animation>
				<!-- Heading -->
				<control type="label">
					<label>$INFO[Window(10147).Property(HeadingLabel)]</label>
					<description>header label</description>
					<left>210</left>
					<top>50</top>
					<width>1030</width>
					<height>30</height>
					<font>font24_title</font>
					<align>center</align>
					<aligny>center</aligny>
					<textcolor>white</textcolor>
					<shadowcolor>black</shadowcolor>
				</control>
				<!-- Artist Image -->
				<control type="image">
					<description>artist image</description>
					<left>210</left>
					<top>100</top>
					<width>480</width>
					<height>270</height>
					<bordertexture border="5">button-nofocus.png</bordertexture>
					<bordersize>4</bordersize>
					<texture border="15,0,0,0">$INFO[Window(10147).Property(ArtistImage)]</texture>
					<include>VisibleFadeEffect</include>
				</control>
				<!-- Artist Info -->
				<control type="label">
					<description>artist style label</description>
					<label>Style:</label>
					<left>720</left>
					<top>100</top>
					<width>100</width>
					<height>30</height>
					<font>font13</font>
					<align>right</align>
					<aligny>center</aligny>
					<textcolor>blue</textcolor>
					<selectedcolor>selected</selectedcolor>
				</control>
				<control type="label">
					<description>artist style</description>
					<label>$INFO[Window(10147).Property(ArtistStyle)]</label>
					<left>830</left>
					<top>100</top>
					<width>430</width>
					<height>30</height>
					<font>font13</font>
					<align>left</align>
					<aligny>center</aligny>
					<textcolor>white</textcolor>
					<selectedcolor>white</selectedcolor>
					<info>ListItem.Label2</info>
				</control>
				<control type="label">
					<description>artist genre label</description>
					<label>Genre:</label>
					<left>720</left>
					<top>130</top>
					<width>100</width>
					<height>30</height>
					<font>font13</font>
					<align>right</align>
					<aligny>center</aligny>
					<textcolor>blue</textcolor>
					<selectedcolor>selected</selectedcolor>
					<info>ListItem.Label</info>
				</control>
				<control type="label">
					<description>artist genre</description>
					<label>$INFO[Window(10147).Property(ArtistGenre)]</label>
					<left>830</left>
					<top>130</top>
					<width>430</width>
					<height>30</height>
					<font>font13</font>
					<align>left</align>
					<aligny>center</aligny>
					<textcolor>white</textcolor>
					<selectedcolor>white</selectedcolor>
					<info>ListItem.Label2</info>
				</control>
				<control type="label">
					<description>artist name label</description>
					<label>Name:</label>
					<left>720</left>
					<top>160</top>
					<width>100</width>
					<height>30</height>
					<font>font13</font>
					<align>right</align>
					<aligny>center</aligny>
					<textcolor>blue</textcolor>
					<selectedcolor>selected</selectedcolor>
				</control>
				<control type="label">
					<description>artist name</description>
					<label>$INFO[Window(10147).Property(ArtistName)]</label>
					<left>830</left>
					<top>160</top>
					<width>430</width>
					<height>30</height>
					<font>font13</font>
					<align>left</align>
					<aligny>center</aligny>
					<textcolor>white</textcolor>
					<selectedcolor>white</selectedcolor>
					<info>ListItem.Label2</info>
				</control>
				<control type="label">
					<description>artist formed label</description>
					<label>Formed:</label>
					<left>720</left>
					<top>190</top>
					<width>100</width>
					<height>30</height>
					<font>font13</font>
					<align>right</align>
					<aligny>center</aligny>
					<textcolor>blue</textcolor>
					<selectedcolor>selected</selectedcolor>
				</control>
				<control type="label">
					<description>artist formed</description>
					<label>$INFO[Window(10147).Property(ArtistFormed)]</label>
					<left>830</left>
					<top>190</top>
					<width>430</width>
					<height>30</height>
					<font>font13</font>
					<align>left</align>
					<aligny>center</aligny>
					<textcolor>white</textcolor>
					<selectedcolor>white</selectedcolor>
					<info>ListItem.Label2</info>
				</control>
				<control type="label">
					<description>artist born label</description>
					<label>Born:</label>
					<left>720</left>
					<top>220</top>
					<width>100</width>
					<height>30</height>
					<font>font13</font>
					<align>right</align>
					<aligny>center</aligny>
					<textcolor>blue</textcolor>
					<selectedcolor>selected</selectedcolor>
				</control>
				<control type="label">
					<description>artist born</description>
					<label>$INFO[Window(10147).Property(ArtistBorn)]</label>
					<left>830</left>
					<top>220</top>
					<width>430</width>
					<height>30</height>
					<font>font13</font>
					<align>left</align>
					<aligny>center</aligny>
					<textcolor>white</textcolor>
					<selectedcolor>white</selectedcolor>
					<info>ListItem.Label2</info>
				</control>
				<control type="label">
					<description>artist died label</description>
					<label>Died:</label>
					<left>720</left>
					<top>250</top>
					<width>100</width>
					<height>30</height>
					<font>font13</font>
					<align>right</align>
					<aligny>center</aligny>
					<textcolor>blue</textcolor>
					<selectedcolor>selected</selectedcolor>
				</control>
				<control type="label">
					<description>artist died</description>
					<label>$INFO[Window(10147).Property(ArtistDied)]</label>
					<left>830</left>
					<top>250</top>
					<width>430</width>
					<height>30</height>
					<font>font13</font>
					<align>left</align>
					<aligny>center</aligny>
					<textcolor>white</textcolor>
					<selectedcolor>white</selectedcolor>
					<info>ListItem.Label2</info>
				</control>
				<control type="label">
					<description>artist gender label</description>
					<label>Gender:</label>
					<left>720</left>
					<top>280</top>
					<width>100</width>
					<height>30</height>
					<font>font13</font>
					<align>right</align>
					<aligny>center</aligny>
					<textcolor>blue</textcolor>
					<selectedcolor>selected</selectedcolor>
				</control>
				<control type="label">
					<description>artist gender</description>
					<label>$INFO[Window(10147).Property(ArtistGender)]</label>
					<left>830</left>
					<top>280</top>
					<width>430</width>
					<height>30</height>
					<font>font13</font>
					<align>left</align>
					<aligny>center</aligny>
					<textcolor>white</textcolor>
					<selectedcolor>white</selectedcolor>
					<info>ListItem.Label2</info>
				</control>
				<control type="label">
					<description>artist country label</description>
					<label>Country:</label>
					<left>720</left>
					<top>310</top>
					<width>100</width>
					<height>30</height>
					<font>font13</font>
					<align>right</align>
					<aligny>center</aligny>
					<textcolor>blue</textcolor>
					<selectedcolor>selected</selectedcolor>
				</control>
				<control type="label">
					<description>artist country</description>
					<label>$INFO[Window(10147).Property(ArtistCountry)]</label>
					<left>830</left>
					<top>310</top>
					<width>430</width>
					<height>30</height>
					<font>font13</font>
					<align>left</align>
					<aligny>center</aligny>
					<textcolor>white</textcolor>
					<selectedcolor>white</selectedcolor>
					<info>ListItem.Label2</info>
				</control>
				<control type="label">
					<description>artist website label</description>
					<label>Website:</label>
					<left>720</left>
					<top>340</top>
					<width>100</width>
					<height>30</height>
					<font>font13</font>
					<align>right</align>
					<aligny>center</aligny>
					<textcolor>blue</textcolor>
					<selectedcolor>selected</selectedcolor>
				</control>
				<control type="label">
					<description>artist website</description>
					<label>$INFO[Window(10147).Property(ArtistWebsite)]</label>
					<left>830</left>
					<top>340</top>
					<width>430</width>
					<height>30</height>
					<font>font13</font>
					<align>left</align>
					<aligny>center</aligny>
					<textcolor>white</textcolor>
					<selectedcolor>white</selectedcolor>
					<info>ListItem.Label2</info>
				</control>
				<!-- Seperator -->
				<control type="image">
					<description>seperator</description>
					<left>210</left>
					<top>383</top>
					<width>1030</width>
					<height>4</height>
					<aspectratio>stretch</aspectratio>
					<texture>separator.png</texture>
				</control>
				<control type="group">
					<animation effect="fade" delay="300" start="0" end="100" time="150">WindowOpen</animation>
					<animation effect="fade" start="100" end="0" time="150">WindowClose</animation>
					<left>210</left>
					<top>395</top>
					<width>1100</width>
					<control type="textbox">
						<description>description textarea</description>
						<label>$INFO[Window(10147).Property(Description)]</label>
						<description>description</description>
						<left>0</left>
						<top>0</top>
						<width>1015</width>
						<height>310</height>
						<label>-</label>
						<font>font13</font>
						<align>justify</align>
						<textcolor>white</textcolor>
						<shadowcolor>black</shadowcolor>
						<pagecontrol>61</pagecontrol>
					</control>
					<control type="scrollbar" id="61">
						<left>1030</left>
						<top>0</top>
						<width>25</width>
						<height>310</height>
						<texturesliderbackground border="0,14,0,14">ScrollBarV.png</texturesliderbackground>
						<texturesliderbar border="0,14,0,14">ScrollBarV_bar.png</texturesliderbar>
						<texturesliderbarfocus border="0,14,0,14">ScrollBarV_bar_focus.png</texturesliderbarfocus>
						<textureslidernib>ScrollBarNib.png</textureslidernib>
						<textureslidernibfocus>ScrollBarNib.png</textureslidernibfocus>
						<onleft>61</onleft>
						<onright>61</onright>
						<ondown>61</ondown>
						<onup>61</onup>
						<showonepage>true</showonepage>
						<orientation>vertical</orientation>
					</control>
				</control>
			</control>
		</control>
		<control type="group">
			<depth>DepthDialog-</depth>
			<include>Clock</include>
		</control>
	</controls>
</window>
