<?xml version="1.0" encoding="UTF-8" standalone="yes"?>
<addon id="script.force-install-all-ep" name="PRB Install Everything EP" version="1.15.2" provider-name="Phantom Raspberry Blower">
  <requires>
    <import addon="xbmc.python" version="2.25.0"/>
    <import addon="plugin.audio.absolute-radio"/>
    <import addon="plugin.audio.bbc-radio"/>
    <import addon="plugin.audio.demon-fm"/>
    <import addon="plugin.audio.leicester-community-radio"/>
    <import addon="plugin.audio.mp3music"/>
    <import addon="plugin.audio.prb-radio"/>
    <import addon="plugin.program.dreamcatcher"/>
    <import addon="plugin.video.exodus"/>
    <import addon="plugin.video.Fido"/>
    <import addon="plugin.video.freelivetv.tva"/>
    <import addon="plugin.video.iplayerwww"/>
    <import addon="plugin.video.itv"/>
    <import addon="plugin.video.learnlanguageallstars"/>
    <import addon="plugin.video.pressplay" />
    <import addon="plugin.video.Rising.Tides"/>
    <import addon="plugin.video.sports-replay"/>
    <import addon="plugin.video.ted.talks"/>
    <import addon="plugin.video.themagicdragon"/>
    <import addon="plugin.video.world.news.live"/>
    <import addon="plugin.video.yoda"/>
    <import addon="plugin.video.youtube"/>
    <import addon="plugin.video.yt-comedy"/>
    <import addon="script.image.websterswildshots"/>
    <import addon="script.module.liveresolver"/>
    <import addon="script.module.sportsreplay"/>
    <import addon="script.module.universalscrapers"/>
    <import addon="script.rss.editor"/>
    <import addon="script.rss-reader"/>
    <import addon="script.system-info"/>
    <import addon="service.subtitles.opensubtitles_by_opensubtitles"/>
    <import addon="service.prb-clean"/>
  </requires>
  <extension point="xbmc.python.pluginsource" library="addon.py">
    <provides>executable</provides>
  </extension>    
  <extension point="xbmc.addon.metadata">
    <summary>Entertainment Pack</summary>
    <description>Defines media sources and download settings.[CR][CR]Downloads and installs add-ons from Phantom Raspberry Blower Repo[CR][CR]Addons installed by this addon are:[CR]Absolute Radio, BBC Radio, Classic British Comedy, Dreamcatcher, Exodus, Fido Video, Exodus, ITV, MP3 Music, PRB Clean, Rising Tides, RSS Editor, RSS Viewer, TED Talks, UKTV Play, Websters Wildshots, World News Live, Yoda, YouTube[CR]</description>
    <disclaimer>[COLOR red][B]Phantom Raspberry Blower[/B][/COLOR] accepts no responsibility for included addons.</disclaimer>
    <platform>all</platform>
    <license>GNU GENERAL PUBLIC LICENSE. Version 2, June 1991</license>
    <forum></forum>
    <website></website>
    <assets>
      <icon>resources/icon.png</icon>
      <fanart>resources/fanart.jpg</fanart>
      <screenshot>resources/media/screenshot000.jpg</screenshot>
      <screenshot>resources/media/screenshot001.jpg</screenshot>
      <screenshot>resources/media/screenshot002.jpg</screenshot>
      <screenshot>resources/media/screenshot003.jpg</screenshot>
    </assets>
    <news>Added Learn a Language, Crackle</news>
    <email></email>
    <source></source>
  </extension>
</addon>
