<?xml version="1.0" encoding="UTF-8" standalone="yes"?>
<addon id="plugin.video.quest-tv" name="Quest TV" version="0.0.1" provider-name="Phantom Raspberry Blower">
  <requires>
    <import addon="xbmc.python" version="2.25.0"/>
  </requires>
  <extension point="xbmc.python.pluginsource" library="addon.py">
    <provides>video</provides>
  </extension>
  <extension point="xbmc.addon.metadata">
    <summary lang="en_GB">Welcome to the home of Quest! Watch full episodes and catch-up with your favourite shows</summary>
    <description lang="en_GB">
      Welcome to the home of Quest! Watch full episodes and catch-up with your favourite shows On Demand, enjoy exclusive games, video clips and interviews. Watch episodes of Salvage Hunters, Wheeler Dealers, Combat Dealers, Super Truckers, Bear Grylls, and more!
    </description>
    <disclaimer lang="en_GB">
      [COLOR red][B]Phantom Raspberry Blower[/B][/COLOR] does not host or distribute any of the content provided by this addon. Does not have any affiliation with the content provider and accepts no responsibility for the included addon.
    </disclaimer>
    <platform>all</platform>
    <language></language>
    <license>GNU GENERAL PUBLIC LICENSE. Version 2, June 1991</license>
    <forum></forum>
    <website></website>
    <assets>
      <icon>resources/icon.png</icon>
      <fanart>resources/fanart.jpg</fanart>
      <screenshot>resources/media/screenshot000.jpg</screenshot>
      <screenshot>resources/media/screenshot001.jpg</screenshot>
      <screenshot>resources/media/screenshot002.jpg</screenshot>
      <screenshot>resources/media/screenshot003.jpg</screenshot>
      <screenshot>resources/media/screenshot004.jpg</screenshot>
    </assets>
    <news>BETA Version.</news>
    <email></email>
    <source></source>
  </extension>
</addon>