<?xml version="1.0" encoding="UTF-8" standalone="yes"?>
<addon id="repository.diamond-wizard-repo2" name=" (v7.5) [COLORwhite]***[/COLOR][COLOR crimson]D[/COLOR][COLOR silver]B Backup Repo - Do Not Use Without Primary Repo)[/COLOR][COLORwhite]***[/COLOR]" version="7.5" provider-name="Diamond Build">
	<requires>
		<import addon="xbmc.addon" version="12.0.0"/>
	</requires>
	<extension point="xbmc.addon.repository" name="Diamond Wizard Repo - Secondary Server">
	<!-- Diamond Repository -->
		<info compressed="false">https://repo.rubyjewelwizard.com/repo/diamond/wizard/zips/addons.xml</info>
		<checksum>https://repo.rubyjewelwizard.com/repo/diamond/wizard/zips/addons.xml.md5</checksum>
		<datadir zip="true">https://repo.rubyjewelwizard.com/repo/diamond/wizard/zips/</datadir>
		<hashes>false</hashes>			
	</extension>
	<extension point="xbmc.addon.metadata">
		<summary lang="en">Diamond Addons / Secondary Server, Backup Repo</summary>
		<description lang="en">Repo For Diamond Build, Bought to you by Diamond Build</description>
		<disclaimer>The owners and submitters to this repository do not host or distribute any of the content displayed by these addons nor do they have any affiliation with the content providers.</disclaimer>
		<platform>all</platform>
		<genre>movies,usa</genre>
	</extension>
</addon>