<?xml version="1.0" encoding="UTF-8" standalone="yes"?>
<addon id="script.system-info" name="System Info" version="0.0.8" provider-name="Phantom Raspberry Blower">
  <requires>
    <import addon="xbmc.python" version="2.25.0"/>
    <import addon="script.module.requests"/>
  </requires>
  <extension point="xbmc.python.pluginsource" library="addon.py">
    <provides>executable</provides>
  </extension>
  <extension point="xbmc.addon.metadata">
    <summary>Displays System Information</summary>
    <description>
      Displays information about Software, CPU, Hardware, Memory, Storage, Addons Installed and Network settings. Including connections to previous networks.
    </description>
    <disclaimer>
      [COLOR red][B]Phantom Raspberry Blower[/B][/COLOR] accepts no responsibility for the included addon.
    </disclaimer>
    <platform>all</platform>
    <language></language>
    <license>GNU GENERAL PUBLIC LICENSE. Version 2, June 1991</license>
    <forum></forum>
    <website></website>
    <assets>
      <icon>resources/icon.png</icon>
      <fanart>resources/fanart.jpg</fanart>
      <screenshot>resources/media/screenshot001.jpg</screenshot>
      <screenshot>resources/media/screenshot002.jpg</screenshot>
      <screenshot>resources/media/screenshot003.jpg</screenshot>
    </assets>
    <news>Refactored Code</news>
    <email></email>
    <source>https://github.com/PhantomRaspberryBlower/repository.prb-entertainment-pack/tree/master/script.system-info</source>
  </extension>
</addon>
