<?xml version="1.0" encoding="UTF-8" standalone="yes"?>
<addon id="plugin.video.f1-replay" name="Formula 1 Replay" version="0.5.1" provider-name="Phantom Raspberry Blower">
  <requires>
    <import addon="xbmc.python" version="2.25.0"/>
    <import addon="script.module.sportsreplay"/>
  </requires>
  <extension point="xbmc.python.pluginsource" library="addon.py">
    <provides>video</provides>
  </extension>
  <extension point="xbmc.addon.metadata">
    <summary lang="en_GB">Replay Formula One Races</summary>
    <description lang="en_GB">
      Formula One is the highest class of single-seater auto racing sanctioned by the FIA and owned by the Formula One Group. The FIA Formula One World Championship has been one of the premier forms of racing around the world since its inaugural season in 1950.
    </description>
    <disclaimer lang="en_GB">
      [COLOR red][B]Phantom Raspberry Blower[/B][/COLOR] does not host or distribute any of the content provided by this addon. Does not have any affiliation with the content provider and accepts no responsibility for the included addon.
    </disclaimer>
    <platform>all</platform>
    <language></language>
    <license>GNU GENERAL PUBLIC LICENSE. Version 2, June 1991</license>
    <forum></forum>
    <website></website>
    <assets>
      <icon>resources/icon.png</icon>
      <fanart>resources/fanart.jpg</fanart>
    </assets>
    <news>Moved code to Sports Replay module</news>
    <email></email>
    <source></source>
  </extension>
</addon>