<?xml version="1.0" encoding="UTF-8" standalone="yes"?>
<addon id="script.module.streamlink.base" name="Streamlink Library" version="2020.08.09" provider-name="Streamlink Devs, Twilight0">
  <requires>
      <import addon="xbmc.python" version="2.26.0"/>
      <import addon="script.module.requests" version="2.12.4"/>
      <import addon="script.module.futures" version="2.2.0" optional="true"/>
      <import addon="script.module.pycryptodome" />
  </requires>
  <extension point="xbmc.python.module" library="resources/lib/"/>
  <extension point="xbmc.addon.metadata">
      <summary>Streamlink Library for Kodi</summary>
      <description>Streamlink Library for Kodi. It is a collection of plugins to help resolve web page urls into streamable links. Known issue: Does not work on Xbox, specifically throws exception when trying to import something from ctypes module.</description>
      <platform>all</platform>
      <license>Simplified BSD</license>
      <source>https://github.com/Twilight0/script.module.streamlink.base/</source>
      <language>en</language>
      <assets>
          <icon>icon.png</icon>
      </assets>
      <news>+2020.08.09
- Update to latest upstream commit
- Futures module is not set to optional (on Kodi 19 it is not imported)

+2020.06.21
- Updated to latest commit
- Dropped cryptolib in favour of pycryptodome

+2020.03.05
- Updated to latest commit

+2020.01.28
- Updated to latest upstream commit
- Tweaks for import errors for Python 3</news>
  </extension>
</addon>
