<?xml version="1.0" encoding="utf-8" standalone="yes"?>
<window type="window">
    <controls>
        <control type="image" id="105">
            <description>Normal Default Background Image</description>
            <posx>0</posx>
            <posy>0</posy>
            <width>1280</width>
            <height>720</height>
            <aspectratio>scale</aspectratio>
            <texture>Background.jpg</texture>
        </control>
        <control type="label" id="104">
            <description>Arrows visibility-controller</description>
            <posx>0</posx>
            <posy>0</posy>
            <width>0</width>
            <height>0</height>
        </control>
        <control type="label" id="103">
            <description>AspectRatio-controller</description>
            <posx>0</posx>
            <posy>0</posy>
            <width>0</width>
            <height>0</height>
        </control>
        <control type="label" id="102">
            <description>Infolabels visibility-controller</description>
            <posx>0</posx>
            <posy>0</posy>
            <width>0</width>
            <height>0</height>
        </control>
        <control type="image" id="101">
            <description>The spinning animation in the background</description>
            <posx>607</posx>
            <posy>327</posy>
            <width>66</width>
            <height>66</height>
            <texture>loader.gif</texture>
            <visible>!IntegerGreaterThan(Container(100).NumPages,0) | ![Container(100).OnNext | Container(100).OnPrevious]</visible>
            <animation effect="fade" time="200" delay="500" reversible="false">Visible</animation>
        </control>
        <control type="list" id="100">
            <description>List of Images</description>
            <posx>0</posx>
            <posy>0</posy>
            <width>1280</width>
            <height>720</height>
            <scrolltime tween="cubic" easing="inout">500</scrolltime>
            <animation effect="zoom" start="100" end="70" center="auto" time="400" tween="cubic" easing="inout" condition="stringcompare(Window.Property(Category),Album)">Conditional</animation>
            <animation effect="slide" start="0" end="0,-60" center="auto" time="400" tween="cubic" easing="inout" condition="Control.IsVisible(102)">Conditional</animation>
            <orientation>horizontal</orientation>
            <preloaditems>2</preloaditems>
            <itemlayout width="1280" height="720">
                <control type="image">
                    <description>Picture in ratio scale</description>
                    <posx>0</posx>
                    <posy>0</posy>
                    <width>1280</width>
                    <height>720</height>
                    <texture background="true">$INFO[ListItem.Icon]</texture>
                    <aspectratio>scale</aspectratio>
                    <visible>!Control.IsVisible(103)</visible>
                </control>
                <control type="image">
                    <description>Picture in ratio keep (default)</description>
                    <posx>0</posx>
                    <posy>0</posy>
                    <width>1280</width>
                    <height>720</height>
                    <texture background="true">$INFO[ListItem.Icon]</texture>
                    <aspectratio>keep</aspectratio>
                    <visible>Control.IsVisible(103)</visible>
                </control>
            </itemlayout>
            <focusedlayout width="1280" height="720">
                <control type="image">
                    <description>Picture in ratio scale</description>
                    <posx>0</posx>
                    <posy>0</posy>
                    <width>1280</width>
                    <height>720</height>
                    <texture background="true">$INFO[ListItem.Icon]</texture>
                    <aspectratio>scale</aspectratio>
                    <visible>!Control.IsVisible(103)</visible>
                </control>
                <control type="image">
                    <description>Picture in ratio keep (default)</description>
                    <posx>0</posx>
                    <posy>0</posy>
                    <width>1280</width>
                    <height>720</height>
                    <texture background="true">$INFO[ListItem.Icon]</texture>
                    <aspectratio>keep</aspectratio>
                    <visible>Control.IsVisible(103)</visible>
                </control>
            </focusedlayout>
        </control>
        <control type="group">
            <description>Group for controls which are hidden and shown via info-key</description>
            <visible>Control.IsVisible(102)</visible>
            <animation effect="fade" time="200">VisibleChange</animation>
            <control type="image">
                <description>Background for the Headline</description>
                <posx>0</posx>
                <posy>0</posy>
                <width>1280</width>
                <height>64</height>
                <texture border="0,0,20,0">HeaderBack.png</texture>
            </control>
            <control type="image">
                <description>Background for the Headline</description>
                <posx>0</posx>
                <posy>570</posy>
                <width>1280</width>
                <height>151</height>
                <texture border="0,0,20,0">FooterBack.png</texture>
            </control>
            <control type="label">
                <description>Label for source title</description>
                <posx>20</posx>
                <posy>15</posy>
                <width>400</width>
                <height>20</height>
                <align>left</align>
                <aligny>center</aligny>
                <label>$INFO[Container(100).ListItem.Property(album_title)]</label>
                <textcolor>FFDDDDDD</textcolor>
                <font>font13</font>
            </control>
            <control type="label">
                <description>Label for album or picture title</description>
                <posx>230</posx>
                <posy>15</posy>
                <width>820</width>
                <height>20</height>
                <align>center</align>
                <aligny>center</aligny>
                <label>$INFO[Container(100).ListItem.Label]</label>
                <textcolor>FF4a92f7</textcolor>
                <font>font13</font>
                <scroll>true</scroll>
            </control>
            <control type="label">
                <description>Label TYPE: (CurrentPage/NumPages)</description>
                <posx>1260</posx>
                <posy>15</posy>
                <width>320</width>
                <height>20</height>
                <align>right</align>
                <aligny>center</aligny>
                <label>$INFO[Window.Property(Category)] ($INFO[Container(100).CurrentPage]/$INFO[Container(100).NumPages])</label>
                <textcolor>FFDDDDDD</textcolor>
                <font>font13</font>
                <visible>IntegerGreaterThan(Container(100).NumPages,0)</visible>
            </control>
            <control type="image">
                <description>Arrow left</description>
                <posx>60</posx>
                <posy>290</posy>
                <width>80</width>
                <height>80</height>
                <texture>left.png</texture>
                <visible>Control.IsVisible(104) + IntegerGreaterThan(Container(100).NumPages,0) + !StringCompare(Container(100).CurrentPage,1)</visible>
            </control>
            <control type="image">
                <description>Arrow right</description>
                <posx>1140</posx>
                <posy>290</posy>
                <width>80</width>
                <height>80</height>
                <texture>right.png</texture>
                <visible>Control.IsVisible(104) + IntegerGreaterThan(Container(100).NumPages,0) + !StringCompare(Container(100).CurrentPage,Container(100).NumPages)</visible>
            </control>
        </control>
        <control type="group">
            <description>Group for the description</description>
            <visible>Control.IsVisible(102)</visible>
            <animation type="Focus">
                <effect type="fade" start="0" end="100" time="100" delay="2000"/>
                <effect type="fade" condition="VisibleChange" time="100" delay="2000"/>
            </animation>
            <control type="textbox">
                <description>Description text</description>
                <posx>20</posx>
                <posy>593</posy>
                <width>1230</width>
                <height>120</height>
                <font>font28</font>
                <align>left</align>
                <aligny>top</aligny>
                <autoscroll delay="10000" time="2500" repeat="10000">Control.HasFocus(100)</autoscroll>
                <wrapmultiline>true</wrapmultiline>
                <label>$INFO[Container(100).ListItem.Label2]</label>
                <textcolor>white</textcolor>
            </control>
        </control>
    </controls>
</window>
