<?xml version="1.0" encoding="UTF-8" standalone="yes"?>
<addon id="plugin.video.footballreplays" name="Football Replays" version="1.4.9a" provider-name="LittleWiz">
  <requires>
    <import addon="xbmc.python" version="2.1.0"/>
    <import addon="script.module.urlresolver" version="0.0.1"/>
    <import addon="script.module.beautifulsoup4" version="0.0.1"/>
  </requires>
  <extension point="xbmc.python.pluginsource" library="default.py">
    <provides>video</provides>
  </extension>
  <extension point="xbmc.addon.metadata">
    <summary lang="en">Football Replays</summary>
    <description lang="en">Football Replays</description>
    <disclaimer lang="en">Watch football replays from around the globe</disclaimer>
    <platform>all</platform>
    <news>Convert unicode to utf-8</news>
  </extension>
</addon>
