<?xml version="1.0" encoding="UTF-8" standalone="yes"?>
<addon id="repository.Diamond-Wizard-Repo" name="(DB REPO 1 IS NO MORE) PLEASE INSTALL V7.5 - RESTART KODI" version="7.4" provider-name="Diamond Build">
	<requires>
		<import addon="xbmc.addon" version="12.0.0"/>
	</requires>
	<extension point="xbmc.addon.repository" name="Diamond Wizard Repo - Primary Server">
	<!-- Diamond Repository -->
		<info compressed="false">https://raw.githubusercontent.com/bobbybark/diamond-build-repo/master/addons.xml</info>
		<checksum>https://raw.githubusercontent.com/bobbybark/diamond-build-repo/master/addons.xml.md5</checksum>
		<datadir zip="true">https://raw.githubusercontent.com/bobbybark/diamond-build-repo/master/</datadir>
		<hashes>false</hashes>	
		<dir>
			<info compressed="false">https://raw.githubusercontent.com/Gujal00/smrzips/master/addons.xml</info>
			<checksum>https://raw.githubusercontent.com/Gujal00/smrzips/master/addons.xml.md5</checksum>
			<datadir zip="true">https://raw.githubusercontent.com/Gujal00/smrzips/master/zips/</datadir>
		</dir>	
        <dir>
            <info compressed="false">https://raw.githubusercontent.com/a4k-openproject/repository.openscrapers/master/zips/addons.xml</info>
            <checksum>https://raw.githubusercontent.com/a4k-openproject/repository.openscrapers/master/zips/addons.xml.md5</checksum>
            <datadir zip="true">https://raw.githubusercontent.com/a4k-openproject/repository.openscrapers/master/zips/</datadir>
        </dir>	
		<dir>
			<info compressed="false">https://raw.githubusercontent.com/teamuniversal/scrapers/master/_modules4all/zips/addons.xml</info>
			<checksum>https://raw.githubusercontent.com/teamuniversal/scrapers/master/_modules4all/zips/addons.xml.md5</checksum>
			<datadir zip="true">https://raw.githubusercontent.com/teamuniversal/scrapers/master/_modules4all/zips/</datadir>
		</dir>
		<dir>
			<info compressed="false">https://raw.githubusercontent.com/totalrevolution/python-koding/master/zips/addons.xml</info>
			<checksum>https://raw.githubusercontent.com/totalrevolution/python-koding/master/zips/addons.xml.md5</checksum>
			<datadir zip="true">https://raw.githubusercontent.com/totalrevolution/python-koding/master/zips/</datadir>
		</dir>
		<dir>
			<info compressed="false">https://raw.githubusercontent.com/marcelveldt/repository.marcelveldt/master/addons.xml</info>
			<checksum>https://raw.githubusercontent.com/marcelveldt/repository.marcelveldt/master/addons.xml.md5</checksum>
			<datadir zip="true">https://raw.githubusercontent.com/marcelveldt/repository.marcelveldt/master/</datadir>
		</dir>	
		<dir>
			<info compressed="false">https://repo.rubyjewelwizard.com/repo/diamond/back2thepass/zips/addons.xml</info>
			<checksum>https://repo.rubyjewelwizard.com/repo/diamond/back2thepass/zips/addons.xml.md5</checksum>
			<datadir zip="true">https://repo.rubyjewelwizard.com/repo/diamond/back2thepass/zips/</datadir>
		</dir>			
	</extension>
	<extension point="xbmc.addon.metadata">
		<summary lang="en">Diamond Addons / Primary Server, Main Repo</summary>
		<description lang="en">Repo For Diamond Build, Bought to you by Diamond Build</description>
		<disclaimer>The owners and submitters to this repository do not host or distribute any of the content displayed by these addons nor do they have any affiliation with the content providers.</disclaimer>
		<platform>all</platform>
		<genre>movies,usa</genre>
	</extension>
</addon>