<?xml version="1.0" encoding="UTF-8" standalone="yes"?>
<addon id="plugin.video.nba-replay" name="NBA Replay" version="0.0.1" provider-name="Phantom Raspberry Blower">
  <requires>
    <import addon="xbmc.python" version="2.25.0"/>
    <import addon="script.module.urlresolver"/>
  </requires>
  <extension point="xbmc.python.pluginsource" library="addon.py">
    <provides>video</provides>
  </extension>
  <extension point="xbmc.addon.metadata">
    <summary lang="en_GB">Replay NBA Games</summary>
    <description lang="en_GB">
      The National Basketball Association is a men's professional basketball league in North America; composed of 30 teams. It is one of the four major professional sports leagues in the United States and Canada, and is widely considered to be the premier men's professional basketball league in the world.
    </description>
    <disclaimer lang="en_GB">
      [COLOR red][B]Phantom Raspberry Blower[/B][/COLOR] does not host or distribute any of the content provided by this addon. Does not have any affiliation with the content provider and accepts no responsibility for the included addon.
    </disclaimer>
    <platform>all</platform>
    <language></language>
    <license>GNU GENERAL PUBLIC LICENSE. Version 2, June 1991</license>
    <forum></forum>
    <website></website>
    <assets>
      <icon>resources/icon.png</icon>
      <fanart>resources/fanart.jpg</fanart>
    </assets>
    <news>Initial release.</news>
    <email></email>
    <source></source>
  </extension>
</addon>