<?xml version="1.0" encoding="UTF-8" standalone="yes"?>
<addon id="script.ip-2-location" name="IP 2 Location" version="0.0.3" provider-name="Phantom Raspberry Blower">
  <requires>
    <import addon="xbmc.python" version="2.25.0"/>
  </requires>
  <extension point="xbmc.python.pluginsource" library="addon.py">
    <provides>executable</provides>
  </extension>
  <extension point="xbmc.addon.metadata">
    <summary>Displays Location of IP Address</summary>
    <description>
      Founded in 2013 by former Facebook engineer Ben Dowling, IPinfo prides itself on being the most reliable, accurate, and in-depth source of IP address data available anywhere. IPinfo process terabytes of data to produce custom IP geolocation, company, carrier and IP type data sets.[CR][CR]Supply an IP address to see where it's location is or leave blank ie 0.0.0.0 to find your IP address.
    </description>
    <disclaimer>
      [COLOR red][B]Phantom Raspberry Blower[/B][/COLOR] does not host or distribute any of the content provided by this addon. Does not have any affiliation with the content provider and accepts no responsibility for the included addon.
    </disclaimer>
    <platform>all</platform>
    <language></language>
    <license>GNU GENERAL PUBLIC LICENSE. Version 2, June 1991</license>
    <forum></forum>
    <website></website>
    <assets>
      <icon>resources/icon.png</icon>
      <fanart>resources/fanart.jpg</fanart>
      <screenshot>resources/media/screenshot001.jpg</screenshot>
      <screenshot>resources/media/screenshot002.jpg</screenshot>
      <screenshot>resources/media/screenshot003.jpg</screenshot>
    </assets>
    <news>Added IP Info Module</news>
    <email></email>
    <source>https://github.com/PhantomRaspberryBlower/repository.prb-entertainment-pack/tree/master/script.ip-2-location</source>
  </extension>
</addon>
