<?xml version="1.0" encoding="UTF-8" standalone="yes"?>
<addon id="script.module.websterswildshots" name="Websters Wildshots Scrapers" version="1.2.2" provider-name="Phantom Raspberry Blower">
  <requires>
    <import addon="xbmc.python" version="2.1.0"/>
    <import addon="script.module.beautifulsoup" version="3.0.8"/>
    <import addon="script.module.parsedom" version="2.5.2" />
  </requires>
  <extension point="xbmc.python.module" library="lib" />
  <extension point="xbmc.addon.metadata">
    <language></language>
    <summary lang="en">Scrapers for Websters Wildshots Images</summary>
    <description lang="en">Scrapers for Websters Wildshots Images</description>
    <platform>all</platform>
  </extension>
</addon>
