<?xml version="1.0" encoding="UTF-8" standalone="yes"?>
<addon id="script.image.websterswildshots" name="Websters Wildshots" version="0.0.1" provider-name="Phantom Raspberry Blower">
  <requires>
    <import addon="xbmc.python" version="2.1.0"/>
    <import addon="script.module.websterswildshots" version="0.0.1"/>
  </requires>
  <extension point="xbmc.python.pluginsource" library="script.py">
    <provides>image</provides>
  </extension>
  <extension point="xbmc.addon.metadata">
    <summary lang="en">Nature Photos</summary>
    <description lang="en">This addon displays picture albums and photos from websterswildshots.com[CR]Paula and Michael are naturalists, conservationists and award-winning photographers on a quest to discover why South America is the richest place in the world for birds.</description>
    <disclaimer lang="en_GB">
      [COLOR red][B]Phantom Raspberry Blower[/B][/COLOR] does not host or distribute any of the content provided by this addon. Does not have any affiliation with the content provider and accepts no responsibility for the included addon.
    </disclaimer>
    <platform>all</platform>
    <language />
    <license>GNU GENERAL PUBLIC LICENSE. Version 2, June 1991</license>
    <forum></forum>
    <website></website>
    <assets>
      <icon>resources/icon.png</icon>
      <fanart>resources/fanart.jpg</fanart>
      <screenshot>resources/media/screenshot001.jpg</screenshot>
      <screenshot>resources/media/screenshot002.jpg</screenshot>
      <screenshot>resources/media/screenshot003.jpg</screenshot>
      <screenshot>resources/media/screenshot004.jpg</screenshot>
      <screenshot>resources/media/screenshot005.jpg</screenshot>
    </assets>
    <news>BETA Version</news>
    <email></email>
    <source>https://github.com/PhantomRaspberryBlower/repository.prb-entertainment-pack/tree/master/script.image.websterswildshots</source>
  </extension>
</addon>
