<?xml version="1.0" encoding="UTF-8" standalone="yes"?>
<addon id="script.rss-reader" name="RSS Reader" version="0.0.2" provider-name="Phantom Raspberry Blower">
  <requires>
    <import addon="xbmc.python" version="2.25.0"/>
  </requires>
  <extension point="xbmc.python.pluginsource" library="addon.py">
    <provides>executable</provides>
  </extension>
  <extension point="xbmc.addon.metadata">
    <summary>Displays RSS Feeds</summary>
    <description>
      RSS (Rich Site Summary; often called Really Simple Syndication) is a type of web feed which allows users to access updates to online content. Websites usually use RSS feeds to publish frequently updated information, such as blog entries, news headlines, audio, video. An RSS document (called "feed") includes full or summarized text, and metadata, like publishing date and author's name.
    </description>
    <disclaimer>
      [COLOR red][B]Phantom Raspberry Blower[/B][/COLOR] does not host or distribute any of the content provided by this addon. Does not have any affiliation with the content provider and accepts no responsibility for the included addon.
    </disclaimer>
    <platform>all</platform>
    <language></language>
    <license>GNU GENERAL PUBLIC LICENSE. Version 2, June 1991</license>
    <forum></forum>
    <website></website>
    <assets>
      <icon>resources/icon.png</icon>
      <fanart>resources/fanart.jpg</fanart>
      <screenshot>resources/media/screenshot001.jpg</screenshot>
      <screenshot>resources/media/screenshot002.jpg</screenshot>
      <screenshot>resources/media/screenshot003.jpg</screenshot>
      <screenshot>resources/media/screenshot004.jpg</screenshot>
      <screenshot>resources/media/screenshot005.jpg</screenshot>
    </assets>
    <news>Fixed Bullet Points</news>
    <email></email>
    <source>https://github.com/PhantomRaspberryBlower/repository.prb-entertainment-pack/tree/master/script.rss-reader</source>
  </extension>
</addon>
