<?xml version="1.0" encoding="UTF-8" standalone="yes"?>
<addon id="plugin.video.Rising.Tides" 
	name="[COLOR red][B]R[/B][/COLOR][COLOR white][B]ising[/B][/COLOR] [COLOR pink][B]T[/B][/COLOR][COLOR white][B]ides[/B][/COLOR]" 
	version="1.4.22" 
	provider-name="[COLOR turquoise][B]mullafabz[/B][/COLOR]">
  <requires>
	<import addon="xbmc.python" version="2.1.0"/>
	<import addon="script.module.simple.downloader" optional="true"/>
	<import addon="script.module.beautifulsoup" version="3.2.1"/>
	<import addon="script.module.beautifulsoup4"/>
	<import addon="script.module.requests"/>
	<import addon="script.module.httplib2"/>
	<import addon="script.module.resolveurl" optional="false"/>
	<import addon="script.module.liveresolver" version="0.1.50"/>
	<import addon="script.module.simplejson"/>
	<import addon="script.common.plugin.cache" version="2.5.2"/>
	<import addon="script.module.metahandler" version="2.5.1"/>
  </requires>
  <extension point="xbmc.python.pluginsource" library="default.py">
    <provides>video</provides>
  </extension>
  <extension point="xbmc.addon.metadata">
    <summary lang="en">Watch many sports and events from the world</summary>
    <description lang="en">I don't have any affiliation with the content provider nor KODI.Content freely available on the internet.More info at [COLOR lime][B]@mullafabz[/B][/COLOR]</description>
    <platform>all</platform>
  </extension>
</addon>
