<favourites>
    <favourite name="Absolute Radio" thumb="/home/osmc/.kodi/addons/plugin.audio.absolute-radio/resources/icon.png">ActivateWindow(10502,&quot;plugin://plugin.audio.absolute-radio/&quot;,return)</favourite>
    <favourite name="BBC iPlayer" thumb="/home/osmc/.kodi/addons/plugin.video.iplayerwww/resources/icon.png">ActivateWindow(10025,&quot;plugin://plugin.video.iplayerwww/?content_type=video&quot;,return)</favourite>
    <favourite name="BBC Radio" thumb="/home/osmc/.kodi/addons/plugin.audio.bbc-radio/resources/icon.png">ActivateWindow(10502,&quot;plugin://plugin.audio.bbc-radio/&quot;,return)</favourite>
    <favourite name="Blaze TV" thumb="/home/osmc/.kodi/addons/plugin.video.blaze-tv/resources/icon.png">ActivateWindow(10025,&quot;plugin://plugin.video.blaze-tv/&quot;,return)</favourite>
    <favourite name="ITV" thumb="/home/osmc/.kodi/addons/plugin.video.itv/icon.png">ActivateWindow(10025,&quot;plugin://plugin.video.itv/&quot;,return)</favourite>
    <favourite name="Leicester Community Radio" thumb="/home/osmc/.kodi/addons/plugin.audio.leicester-community-radio/resources/icon.png">ActivateWindow(10502,&quot;plugin://plugin.audio.leicester-community-radio/&quot;,return)</favourite>
    <favourite name="MP3 Music" thumb="/home/osmc/.kodi/addons/plugin.audio.mp3music/resources/icon.png">ActivateWindow(10502,&quot;plugin://plugin.audio.mp3music/&quot;,return)</favourite>
    <favourite name="Quest TV" thumb="/home/osmc/.kodi/addons/plugin.video.quest-tv/resources/icon.png">ActivateWindow(10025,&quot;plugin://plugin.video.quest-tv/&quot;,return)</favourite>
    <favourite name="RSS Reader" thumb="/home/osmc/.kodi/addons/script.rss-reader/resources/icon.png">ActivateWindow(10001,&quot;plugin://script.rss-reader/&quot;,return)</favourite>
    <favourite name="System Info" thumb="/home/osmc/.kodi/addons/script.system-info/resources/icon.png">ActivateWindow(10001,&quot;plugin://script.system-info/&quot;,return)</favourite>
    <favourite name="TED Talks" thumb="/home/osmc/.kodi/addons/plugin.video.ted.talks/icon.png">ActivateWindow(10025,&quot;plugin://plugin.video.ted.talks/&quot;,return)</favourite>
    <favourite name="UKTV Play" thumb="/home/osmc/.kodi/addons/plugin.video.uktvplay/icon.png">ActivateWindow(10025,&quot;plugin://plugin.video.uktvplay/&quot;,return)</favourite>
    <favourite name="YouTube" thumb="/home/osmc/.kodi/addons/plugin.video.youtube/icon.png">ActivateWindow(10025,&quot;plugin://plugin.video.youtube/&quot;,return)</favourite>
    <favourite name="UK Turks: Computer Documentaries" thumb="http://addoncloud.org/ukturk/UKTurk/thumbs/new/Uk%20turk%20thumbnails%20documentaries.jpg">ActivateWindow(10025,&quot;plugin://plugin.video.ukturk/?description&amp;fanart=%2fhome%2fosmc%2f.kodi%2faddons%2fplugin.video.ukturk%2ffanart.jpg&amp;iconimage=http%3a%2f%2faddoncloud.org%2fukturk%2fUKTurk%2fthumbs%2fnew%2fUk%2520turk%2520thumbnails%2520documentaries.jpg&amp;mode=1&amp;name=Computer%20%26%20Gaming%20Documentaries%20Documentaries&amp;url=http%3a%2f%2faddoncloud.org%2fukturk%2fUKTurk%2fdocs%2fComputer%2520Gaming%2520Documentaries.txt&quot;,return)</favourite>
    <favourite name="UK Turks: Documentaries" thumb="http://addoncloud.org/ukturk/UKTurk/thumbs/new/Uk%20turk%20thumbnails%20documentaries.jpg">ActivateWindow(10025,&quot;plugin://plugin.video.ukturk/?description&amp;fanart=%2fhome%2fosmc%2f.kodi%2faddons%2fplugin.video.ukturk%2ffanart.jpg&amp;iconimage=http%3a%2f%2faddoncloud.org%2fukturk%2fUKTurk%2fthumbs%2fnew%2fUk%2520turk%2520thumbnails%2520documentaries.jpg&amp;mode=1&amp;name=Documentaries&amp;url=http%3a%2f%2faddoncloud.org%2fukturk%2fUKTurk%2fdocs%2fIndex.txt&quot;,return)</favourite>
    <favourite name="UK Turks: Movies" thumb="http://addoncloud.org/ukturk/UKTurk/thumbs/new/Uk%20turk%20thumbnails%20movies1.jpg">ActivateWindow(10025,&quot;plugin://plugin.video.ukturk/?description&amp;fanart=%2fhome%2fosmc%2f.kodi%2faddons%2fplugin.video.ukturk%2ffanart.jpg&amp;iconimage=http%3a%2f%2faddoncloud.org%2fukturk%2fUKTurk%2fthumbs%2fnew%2fUk%2520turk%2520thumbnails%2520movies1.jpg&amp;mode=1&amp;name=Movies&amp;url=http%3a%2f%2faddoncloud.org%2fukturk%2fUKTurk%2fmovies%2fIndex.txt&quot;,return)</favourite>
    <favourite name="UK Turks: Sports" thumb="http://addoncloud.org/ukturk/UKTurk/thumbs/new/Uk%20turk%20thumbnails%20sports.jpg">ActivateWindow(10025,&quot;plugin://plugin.video.ukturk/?description&amp;fanart=%2fhome%2fosmc%2f.kodi%2faddons%2fplugin.video.ukturk%2ffanart.jpg&amp;iconimage=http%3a%2f%2faddoncloud.org%2fukturk%2fUKTurk%2fthumbs%2fnew%2fUk%2520turk%2520thumbnails%2520sports.jpg&amp;mode=1&amp;name=Sports&amp;url=http%3a%2f%2faddoncloud.org%2fukturk%2fUKTurk%2fSportsList.txt&quot;,return)</favourite>
    <favourite name="UK Turks: TV Shows" thumb="http://addoncloud.org/ukturk/UKTurk/thumbs/new/Uk%20turk%20thumbnails%20tv%20shows.jpg">ActivateWindow(10025,&quot;plugin://plugin.video.ukturk/?description&amp;fanart=%2fhome%2fosmc%2f.kodi%2faddons%2fplugin.video.ukturk%2ffanart.jpg&amp;iconimage=http%3a%2f%2faddoncloud.org%2fukturk%2fUKTurk%2fthumbs%2fnew%2fUk%2520turk%2520thumbnails%2520tv%2520shows.jpg&amp;mode=1&amp;name=TV%20Shows&amp;url=http%3a%2f%2faddoncloud.org%2fukturk%2fUKTurk%2ftv%2520shows%2fIndex.txt&quot;,return)</favourite>
</favourites>
