<?xml version="1.0" encoding="UTF-8" standalone="yes"?>
<addon id="plugin.audio.absolute-radio" name="Absolute Radio" version="1.1.0" provider-name="Phantom Raspberry Blower">
  <requires>
    <import addon="xbmc.python" version="2.25.0"/>
  </requires>
  <extension point="xbmc.python.pluginsource" library="addon.py">
    <provides>audio</provides>
  </extension>
  <extension point="xbmc.addon.metadata">
    <summary>Absolute Radio</summary>
    <description>
      Absolute Radio is one of the UK's Independent National Radio stations. The station is based in London and plays popular rock music broadcasting on medium wave and DAB across the UK (105.8 FM in London and 105.2 FM in the West Midlands). It is also available in other parts of the world via satellite, cable, and on the Internet.
    </description>
    <disclaimer>
      [COLOR red][B]Phantom Raspberry Blower[/B][/COLOR] does not host or distribute any of the content provided by this addon. Does not have any affiliation with the content provider and accepts no responsibility for the included addon.
    </disclaimer>
    <platform>all</platform>
    <language></language>
    <license>GNU GENERAL PUBLIC LICENSE. Version 2, June 1991</license>
    <forum></forum>
    <website></website>
    <assets>
      <icon>resources/icon.png</icon>
      <fanart>resources/fanart.jpg</fanart>
      <screenshot>resources/media/screenshot000.jpg</screenshot>
      <screenshot>resources/media/screenshot001.jpg</screenshot>
      <screenshot>resources/media/screenshot002.jpg</screenshot>
      <screenshot>resources/media/screenshot003.jpg</screenshot>
      <screenshot>resources/media/screenshot004.jpg</screenshot>
      <screenshot>resources/media/screenshot005.jpg</screenshot>
      <screenshot>resources/media/screenshot006.jpg</screenshot>
    </assets>
    <news>URL's have been relocated to new feeds.</news>
    <email></email>
    <source>https://github.com/PhantomRaspberryBlower/repository.prb-entertainment-pack/tree/master/plugin.video.leicester-community-radio</source>
  </extension>
</addon>
