<?xml version="1.0" encoding="UTF-8" standalone="yes"?>
<addon id="script.module.sportsreplay" name="Sports Replay" version="0.0.1" provider-name="Phantom Raspberry Blower">
  <requires>
    <import addon="xbmc.python" version="2.25.0"/>
    <import addon="script.module.urlresolver"/>
  </requires>
  <extension point="xbmc.python.module" library="lib" />
  <extension point="xbmc.addon.metadata">
    <platform>all</platform>
    <summary lang="en">Sports Replay web scaper</summary>
    <description lang="en">Web scraper and common tasks for F1 Replay, Full Match Replay, MotoGP Replay and NBA Replay.</description>
    <forum></forum>
    <website></website>
    <news>Initial Release.</news>
  </extension>
</addon>
