<?xml version="1.0" encoding="UTF-8"?>
<addon id="skin.confluence-osmc" version="1.2.0" name="Confluence OSMC" provider-name="Jezz_X, Team Kodi, PRB">
	<requires>
		<import addon="xbmc.gui" version="5.14.0"/>
	</requires>
	<extension point="xbmc.gui.skin" debugging="false" effectslowdown="1.0">
		<res width="1280" height="720" aspect="16:9" default="true" folder="720p" />
	</extension>
	<extension point="xbmc.addon.metadata">
		<summary lang="en_GB">Confluence skin by Jezz_X. Modded by PRB</summary>
		<summary lang="en_US">Confluence skin by Jezz_X. Modded by PRB</summary>
		<description lang="en_GB">Confluence OSMC is the classic skin originally written by Jezz_X and modified by PRB for running OSMC.</description>
		<description lang="en_US">Confluence OSMC is the classic skin originally written by Jezz_X and modified by PRB for running OSMC.</description>
		<platform>all</platform>
		<license>GNU General Public License version 2</license>
		<forum></forum>
		<website/>
		<email/>
		<source>https://github.com/PhantomRaspberryBlower/repository.prb-entertainment-pack/skin.confluence-osmc</source>
		<assets>
			<icon>resources/icon.png</icon>
			<fanart>resources/fanart.jpg</fanart>
			<screenshot>resources/screenshot-01.jpg</screenshot>
			<screenshot>resources/screenshot-02.jpg</screenshot>
			<screenshot>resources/screenshot-03.jpg</screenshot>
			<screenshot>resources/screenshot-04.jpg</screenshot>
			<screenshot>resources/screenshot-05.jpg</screenshot>
			<screenshot>resources/screenshot-06.jpg</screenshot>
			<screenshot>resources/screenshot-07.jpg</screenshot>
			<screenshot>resources/screenshot-08.jpg</screenshot>
			<screenshot>resources/screenshot-09.jpg</screenshot>
		</assets>
		<news>Added support for new episode spoilers feature.</news>
	</extension>
</addon>