<?xml version="1.0" encoding="UTF-8" standalone="yes"?>
<addon id="plugin.video.yt-comedy"
	name="Best British Comedy"
	version="1.1"
	provider-name="diamondwizard">
	<requires>
		<import addon="xbmc.python" version="2.1.0"/>
		<import addon="script.module.addon.common" version="2.0.0"/>
		<import addon="plugin.video.youtube" version="5.0.0"/>
	</requires>
	<extension point="xbmc.python.pluginsource" library="default.py">
	<provides>video</provides>
	</extension>
		<extension point="xbmc.addon.metadata">
		<summary lang="en">Best British Comedy</summary>
		<description lang="en">Best British Comedy, Is a fork of classic british Comedy, comedians, stand-up, series and films.</description>
		<disclaimer>The owners and submitters to this repository do not host or distribute any of the content displayed by these addons nor do they have any affiliation with the content providers.</disclaimer>	
		<platform>all</platform>
		<forum>n/a</forum>
		<website>n/a</website>
	</extension>
</addon>
