﻿<?xml version="1.0" encoding="UTF-8" standalone="yes"?>
<addon id="repository.Fido" name="Fido Repository" provider-name="Fido Team" version="1.2">
	<extension point="xbmc.addon.repository" name="Fido Repo">
		<dir>
			<info compressed="false">http://fantazyrepo.uk/Repo/addons.xml</info>
			<checksum>http://fantazyrepo.uk/Repo/addons.xml.md5</checksum>
			<datadir zip="true">http://fantazyrepo.uk/Repo/Plugins/</datadir>
		</dir>
		<dir>
			<info compressed="false">https://raw.githubusercontent.com/jsergio123/zips/master/addons.xml</info>
			<checksum>https://raw.githubusercontent.com/jsergio123/zips/master/addons.xml.md5</checksum>
			<datadir zip="true">https://raw.githubusercontent.com/jsergio123/zips/master/</datadir>
		</dir>
      	<dir>
            <info compressed="false">https://raw.githubusercontent.com/teamuniversal/scrapers/master/_modules4all/zips/addons.xml</info>
            <checksum>https://raw.githubusercontent.com/teamuniversal/scrapers/master/_modules4all/zips/addons.xml.md5</checksum>
            <datadir zip="true">https://raw.githubusercontent.com/teamuniversal/scrapers/master/_modules4all/zips/</datadir>
        </dir>
		<dir>
			<info compressed="false">https://raw.githubusercontent.com/totalrevolution/python-koding/master/zips/addons.xml</info>
            <checksum>https://raw.githubusercontent.com/totalrevolution/python-koding/master/zips/addons.xml.md5</checksum>
            <datadir zip="true">https://raw.githubusercontent.com/totalrevolution/python-koding/master/zips/</datadir>
		</dir>
	</extension>
	<extension point="xbmc.addon.metadata">
		<summary lang="en">Install Add-ons from Fido</summary>
		<description lang="en">Download and install add-ons from Fido</description>
		<platform>all</platform>
	</extension>
	
	
</addon>

