<?xml version="1.0" encoding="UTF-8" standalone="yes"?>
<addon id="script.module.exoscrapers" name="ExoScrapers Module" version="2.3.4" provider-name="Exodus">
    <requires>
		<import addon="xbmc.python" version="2.25.0" />
		<import addon="script.module.beautifulsoup4" />
		<import addon="script.module.requests" />
	</requires>
	<extension point="xbmc.python.pluginsource" library="lib/default.py">
		<provides>executable</provides>
	</extension> 
	<extension point="xbmc.python.module" library="lib" />
	<extension point="xbmc.addon.metadata">
		<platform>all</platform>
            <summary lang="en">ExoScrapers Module</summary>
            <description>Scrape common video host for URL's to be playable in Kodi, simplifying addon development of video plugins requiring multi video hosts.</description>
                <disclaimer lang="en">The author is not responsible for the use of this addon. The author is not responsible for the content found using this addon. The author does not host or own any content found within this addon.[CR]The author is in no way affiliated with Kodi, Team Kodi, or the XBMC Foundation.[CR]This is a Non-profit resource, organized solely for educational purposes which is protected under the Fair-Use doctrine of the Copyright Act, Specifically section 107, which does promote freedom of expression, by permitting the unlicensed use of copyright-protected works.</disclaimer>
    <platform>all</platform>
    <license>GNU GENERAL PUBLIC LICENSE. Version 3, 29 June 2007</license>
    <assets>
        <icon>icon.png</icon>
        <fanart></fanart>
    </assets>
    <news>2.3.4
- Update cfscrape to 1.2.41
- Added option to Settings "Show Changelog"
- Added option to Settings "Notify Me About Available Updates"
- Removed SEEHD, v2 cloudflare challenge
- Added new free hoster WATCHEPISODESERIES1
- fixed and brought back 5MOVIES</news>
    </extension>
</addon>
